Product,Category,Sales,Profit
Laptop,Electronics,55000,8000
Mobile,Electronics,25000,5000
Headphones,Electronics,3000,900
Keyboard,Electronics,1500,400
Mouse,Electronics,800,250
T-Shirt,Clothing,1200,350
Jeans,Clothing,2500,700
Shoes,Clothing,3500,1000
Jacket,Clothing,4500,1200
Biryani,Food,300,100
Pizza,Food,500,180
Burger,Food,250,90
Momos,Food,200,70
Cake,Food,600,220
Book,Books,500,150
Notebook,Books,200,60
Pen,Books,50,15
Bag,Accessories,1200,300
Watch,Accessories,2500,700
Wallet,Accessories,900,250